,HCPID,TrialType,ResponseSwitch
0,140925_fnca,Neutral,0.3333333333333333
1,140925_fnca,Punishment,0.44
2,140925_fnca,Reward,0.16666666666666666
