,HCPID,TrialType,ResponseSwitch
0,131217_fnca,Neutral,0.6666666666666666
1,131217_fnca,Punishment,0.64
2,131217_fnca,Reward,0.7391304347826086
