,HCPID,TrialType,ResponseSwitch
0,101107_fnca,Neutral,0.3333333333333333
1,101107_fnca,Punishment,0.20833333333333334
2,101107_fnca,Reward,0.2916666666666667
