,HCPID,TrialType,ResponseSwitch
0,178748_fnca,Neutral,0.3333333333333333
1,178748_fnca,Punishment,0.72
2,178748_fnca,Reward,0.6086956521739131
