,HCPID,TrialType,ResponseSwitch
0,145531_fnca,Neutral,0.6666666666666666
1,145531_fnca,Punishment,0.48
2,145531_fnca,Reward,0.7916666666666666
