,HCPID,TrialType,ResponseSwitch
0,165032_fnca,Neutral,0.8333333333333334
1,165032_fnca,Punishment,0.6818181818181818
2,165032_fnca,Reward,0.375
