,HCPID,TrialType,ResponseSwitch
0,155635_fnca,Neutral,0.6666666666666666
1,155635_fnca,Punishment,0.4166666666666667
2,155635_fnca,Reward,0.6
