,HCPID,TrialType,ResponseSwitch
0,130922_fnca,Neutral,0.6666666666666666
1,130922_fnca,Punishment,0.4
2,130922_fnca,Reward,0.34782608695652173
