,HCPID,TrialType,ResponseSwitch
0,124826_fnca,Neutral,0.3333333333333333
1,124826_fnca,Punishment,0.625
2,124826_fnca,Reward,0.6086956521739131
