,HCPID,TrialType,ResponseSwitch
0,127630_fnca,Neutral,0.5
1,127630_fnca,Punishment,0.391304347826087
2,127630_fnca,Reward,0.5416666666666666
