,HCPID,TrialType,ResponseSwitch
0,166438_fnca,Neutral,0.16666666666666666
1,166438_fnca,Punishment,0.36
2,166438_fnca,Reward,0.20833333333333334
