,HCPID,TrialType,ResponseSwitch
0,124422_fnca,Neutral,0.6666666666666666
1,124422_fnca,Punishment,0.625
2,124422_fnca,Reward,0.5416666666666666
