,HCPID,TrialType,ResponseSwitch
0,149741_fnca,Neutral,0.3333333333333333
1,149741_fnca,Punishment,0.6
2,149741_fnca,Reward,0.5217391304347826
