,HCPID,TrialType,ResponseSwitch
0,147737_fnca,Neutral,0.16666666666666666
1,147737_fnca,Punishment,0.56
2,147737_fnca,Reward,0.4583333333333333
