,HCPID,TrialType,ResponseSwitch
0,120111_fnca,Neutral,0.3333333333333333
1,120111_fnca,Punishment,0.44
2,120111_fnca,Reward,0.4782608695652174
