,HCPID,TrialType,ResponseSwitch
0,142424_fnca,Neutral,1.0
1,142424_fnca,Punishment,0.7083333333333334
2,142424_fnca,Reward,0.4782608695652174
