,HCPID,TrialType,ResponseSwitch
0,131722_fnca,Neutral,0.16666666666666666
1,131722_fnca,Punishment,0.21739130434782608
2,131722_fnca,Reward,0.12
