,HCPID,TrialType,ResponseSwitch
0,108323_fnca,Neutral,0.6
1,108323_fnca,Punishment,0.5217391304347826
2,108323_fnca,Reward,0.5833333333333334
