,HCPID,TrialType,ResponseSwitch
0,117324_fnca,Neutral,0.3333333333333333
1,117324_fnca,Punishment,0.5833333333333334
2,117324_fnca,Reward,0.08333333333333333
