,HCPID,TrialType,ResponseSwitch
0,160830_fnca,Neutral,0.16666666666666666
1,160830_fnca,Punishment,0.4782608695652174
2,160830_fnca,Reward,0.21739130434782608
