,HCPID,TrialType,ResponseSwitch
0,134234_fnca,Neutral,0.16666666666666666
1,134234_fnca,Punishment,0.16666666666666666
2,134234_fnca,Reward,0.08
