,HCPID,TrialType,ResponseSwitch
0,100408_fnca,Neutral,0.5
1,100408_fnca,Punishment,0.5652173913043478
2,100408_fnca,Reward,0.5833333333333334
