,HCPID,TrialType,ResponseSwitch
0,159138_fnca,Neutral,0.3333333333333333
1,159138_fnca,Punishment,0.4
2,159138_fnca,Reward,0.6666666666666666
