,HCPID,TrialType,ResponseSwitch
0,142828_fnca,Neutral,0.3333333333333333
1,142828_fnca,Punishment,0.5714285714285714
2,142828_fnca,Reward,0.4
