,HCPID,TrialType,ResponseSwitch
0,994273_fnca,Neutral,0.5
1,994273_fnca,Punishment,0.36363636363636365
2,994273_fnca,Reward,0.5217391304347826
