,HCPID,TrialType,ResponseSwitch
0,133827_fnca,Neutral,0.6666666666666666
1,133827_fnca,Punishment,0.625
2,133827_fnca,Reward,0.4583333333333333
