,HCPID,TrialType,ResponseSwitch
0,158540_fnca,Neutral,0.16666666666666666
1,158540_fnca,Punishment,0.5217391304347826
2,158540_fnca,Reward,0.24
