,HCPID,TrialType,ResponseSwitch
0,135528_fnca,Neutral,0.8333333333333334
1,135528_fnca,Punishment,0.5833333333333334
2,135528_fnca,Reward,0.52
