,HCPID,TrialType,ResponseSwitch
0,151728_fnca,Neutral,0.16666666666666666
1,151728_fnca,Punishment,0.4166666666666667
2,151728_fnca,Reward,0.3333333333333333
