,HCPID,TrialType,ResponseSwitch
0,113619_fnca,Neutral,0.3333333333333333
1,113619_fnca,Punishment,0.6
2,113619_fnca,Reward,0.43478260869565216
