,HCPID,TrialType,ResponseSwitch
0,150423_fnca,Neutral,0.0
1,150423_fnca,Punishment,0.6153846153846154
2,150423_fnca,Reward,0.2727272727272727
