,HCPID,TrialType,ResponseSwitch
0,154431_fnca,Neutral,0.16666666666666666
1,154431_fnca,Punishment,0.28
2,154431_fnca,Reward,0.20833333333333334
