,HCPID,TrialType,ResponseSwitch
0,123420_fnca,Neutral,0.6666666666666666
1,123420_fnca,Punishment,0.43478260869565216
2,123420_fnca,Reward,0.68
