,HCPID,TrialType,ResponseSwitch
0,161327_fnca,Neutral,0.6666666666666666
1,161327_fnca,Punishment,0.6666666666666666
2,161327_fnca,Reward,0.5833333333333334
