,HCPID,TrialType,ResponseSwitch
0,132118_fnca,Neutral,0.6666666666666666
1,132118_fnca,Punishment,0.84
2,132118_fnca,Reward,0.4090909090909091
