,HCPID,TrialType,ResponseSwitch
0,153833_fnca,Neutral,0.6666666666666666
1,153833_fnca,Punishment,0.52
2,153833_fnca,Reward,0.5416666666666666
