,HCPID,TrialType,ResponseSwitch
0,121315_fnca,Neutral,0.8333333333333334
1,121315_fnca,Punishment,0.5217391304347826
2,121315_fnca,Reward,0.6
