,HCPID,TrialType,ResponseSwitch
0,137027_fnca,Neutral,0.6666666666666666
1,137027_fnca,Punishment,0.2
2,137027_fnca,Reward,0.6521739130434783
