,HCPID,TrialType,ResponseSwitch
0,162733_fnca,Neutral,0.6666666666666666
1,162733_fnca,Punishment,0.72
2,162733_fnca,Reward,0.21739130434782608
