,HCPID,TrialType,ResponseSwitch
0,121618_fnca,Neutral,0.6666666666666666
1,121618_fnca,Punishment,0.5833333333333334
2,121618_fnca,Reward,0.375
