,HCPID,TrialType,ResponseSwitch
0,154734_fnca,Neutral,0.16666666666666666
1,154734_fnca,Punishment,0.3333333333333333
2,154734_fnca,Reward,0.2916666666666667
