,HCPID,TrialType,ResponseSwitch
0,116524_fnca,Neutral,0.3333333333333333
1,116524_fnca,Punishment,0.4583333333333333
2,116524_fnca,Reward,0.32
